{"hiddenLayer":{"neurons":[{"weights":[-0.6315696316724497,0.6561680242829233,0.021568368267286697,0.6322482435732466],"bias":0.6245572985389805,"mr":0.3},{"weights":[0.37704184306177213,-0.22934614104964934,0.7840912558389341,0.3005976940293098],"bias":0.8930551075738586,"mr":0.3},{"weights":[-0.6608815047443524,-0.786384213015785,-0.5873381412032832,0.6545100848110965],"bias":0.3979473474091888,"mr":0.3}]},"outputLayer":{"neurons":[{"weights":[-0.9976748123692212,0.914110546393085,-0.7162643607731645],"bias":-0.13901855520872974,"mr":0.3}]}}
